{
  "project_info": {
    "project_number": "377820702279",
    "project_id": "finalproject-3abce",
    "storage_bucket": "finalproject-3abce.appspot.com"
  },
  "client": [
    {
      "client_info": {
        "mobilesdk_app_id": "1:377820702279:android:f512658fd2269f1ed47362",
        "android_client_info": {
          "package_name": "com.example.finalproject"
        }
      },
      "oauth_client": [
        {
          "client_id": "377820702279-jivcmt0ub4s54ocbpe0u03dn2v6pt5ft.apps.googleusercontent.com",
          "client_type": 3
        }
      ],
      "api_key": [
        {
          "current_key": "AIzaSyBOkKzCjpb3v_YBVl5bU8zDcsOL1W-q8dk"
        }
      ],
      "services": {
        "appinvite_service": {
          "other_platform_oauth_client": [
            {
              "client_id": "377820702279-jivcmt0ub4s54ocbpe0u03dn2v6pt5ft.apps.googleusercontent.com",
              "client_type": 3
            }
          ]
        }
      }
    }
  ],
  "configuration_version": "1"
}